Words,pant,opend,doen,toent
pant,0.0,0.24444444444444446,0.55,0.37777777777777777,
opend,0.24444444444444446,0.0,0.33333333333333337,0.21999999999999997,
doen,0.55,0.33333333333333337,0.0,0.1333333333333333,
toent,0.37777777777777777,0.21999999999999997,0.1333333333333333,0.0,