Words,pant,opend,doen,toent
pant,4.0,2.4,1.2,1.8,
opend,2.4,5.0,1.2000000000000002,3.1,
doen,1.2,1.2000000000000002,4.0,2.9,
toent,1.8,3.1,2.9,5.0,