Words,pant,opend,doen,toent
pant,0.0,0.4666666666666667,0.7,0.6,
opend,0.4666666666666667,0.0,0.7333333333333333,0.38,
doen,0.7,0.7333333333333333,0.0,0.3555555555555556,
toent,0.6,0.38,0.3555555555555556,0.0,